{"dport":{"name":"Dan Port","password":"portspassword","email":"dport@hawaii.edu"},"kazman":{"name":"Rick Kazman","password":"kazmanpassword","email":"kazman@hawaii.edu"},"itm352":{"name":"ITM352","password":"grader","email":"itm352@hawaii.edu"},"newuser":{"name":"Jow Schmo","password":"pass","email":"joe@jot.com"},"ahky":{"name":"Amber Young","password":"pokemart","email":"ahky2000@hawaii.edu"},"kurt":{"username":"kurt","password":"pokeball","email":"tsutarja@gmail.com","fullname":"Kurt PokeBallMaker"},"johto":{"username":"johto","password":"pokemon","email":"tsutarja@gmail.com","fullname":"pokemon johto"}}